cat,pid,p_name,cpu,disk,ram,bandwidth,bps,price,period,aff,create_time,update_time
France Grand Opening Specials - KVM VPS,780,1 GB KVM VPS Special (France),1x vCPU,20 GB,1 GB,3000GB,1Gbps,17.98,Annually,https://my.racknerd.com/aff.php?aff=12682&pid=780,2024-11-06 10:29:34,
France Grand Opening Specials - KVM VPS,781,2 GB KVM VPS Special (France),1x vCPU,30 GB,2 GB,4000GB,1Gbps,24.89,Annually,https://my.racknerd.com/aff.php?aff=12682&pid=781,2024-11-06 10:29:34,
France Grand Opening Specials - KVM VPS,782,4 GB KVM VPS Special (France),2x vCPU,50 GB,4 GB,6000GB,1Gbps,44.59,Annually,https://my.racknerd.com/aff.php?aff=12682&pid=782,2024-11-06 10:29:34,
Chinese New Year 2024,838,1 GB KVM VPS (CNY 2024),1 vCPU,15 GB,1 GB,2000GB,1Gbps,10.99,Annually,https://my.racknerd.com/aff.php?aff=12682&pid=838,2024-11-06 10:29:34,
Chinese New Year 2024,839,1.5 GB KVM VPS (CNY 2024),1 vCPU,25 GB,1.5 GB,4000GB,1Gbps,16.88,Annually,https://my.racknerd.com/aff.php?aff=12682&pid=839,2024-11-06 10:29:34,
Chinese New Year 2024,840,2.5 GB KVM VPS (CNY 2024),2 vCPU,38 GB,2.5 GB,6000GB,1Gbps,23.88,Annually,https://my.racknerd.com/aff.php?aff=12682&pid=840,2024-11-06 10:29:34,
11.11 Specials,875,1 GB KVM VPS (2024's 11.11 Promo),1x vCPU Core,14 GB,1 GB,2000GB,1Gbps,11.11,Annually,https://my.racknerd.com/aff.php?aff=12682&pid=875,2024-11-06 10:29:34,2024-11-18 14:39:52
11.11 Specials,876,2 GB KVM VPS (2024's 11.11 Promo),1x vCPU Core,25 GB,2 GB,3000GB,1Gbps,17.98,Annually,https://my.racknerd.com/aff.php?aff=12682&pid=876,2024-11-06 10:29:34,2024-11-18 14:39:52
11.11 Specials,877,3 GB KVM VPS (2024's 11.11 Promo),2x vCPU Cores,40 GB,3 GB,5000GB,1Gbps,25.98,Annually,https://my.racknerd.com/aff.php?aff=12682&pid=877,2024-11-06 10:29:34,2024-11-18 14:39:52
11.11 Specials,878,4 GB KVM VPS (2024's 11.11 Promo),3x vCPU Cores,50 GB,4 GB,6000GB,1Gbps,36.88,Annually,https://my.racknerd.com/aff.php?aff=12682&pid=878,2024-11-06 10:29:34,2024-11-18 14:39:52
Black Friday 2023,792,768 MB KVM VPS (Black Friday 2023),1 vCPU Core,15 GB,768 MB,1000GB,1Gbps,10.18,Annually,https://my.racknerd.com/aff.php?aff=12682&pid=792,2024-11-06 10:29:34,2024-11-18 14:39:52
Black Friday 2023,793,2 GB KVM VPS (Black Friday 2023),1 vCPU Core,30 GB,2 GB,2500GB,1Gbps,16.98,Annually,https://my.racknerd.com/aff.php?aff=12682&pid=793,2024-11-06 10:29:34,2024-11-18 14:39:52
Black Friday 2023,794,2.5 GB KVM VPS (Black Friday 2023),2 vCPU Cores,50 GB,2.5 GB,5000GB,1Gbps,25.49,Annually,https://my.racknerd.com/aff.php?aff=12682&pid=794,2024-11-06 10:29:34,2024-11-18 14:39:52
Black Friday 2023,795,4 GB KVM VPS (Black Friday 2023),2 vCPU Cores,80 GB,4 GB,8000GB,1Gbps,38.88,Annually,https://my.racknerd.com/aff.php?aff=12682&pid=795,2024-11-06 10:29:34,2024-11-18 14:39:52
Black Friday 2023,796,4.5 GB KVM VPS (Black Friday 2023),4 vCPU Cores,115 GB,4.5 GB,"10,000GB",1Gbps,52.49,Annually,https://my.racknerd.com/aff.php?aff=12682&pid=796,2024-11-06 10:29:34,2024-11-18 14:39:52
Black Friday 2023,797,"1.5 GB Ryzen 7950X VPS (Black Friday 2023)

                                            0 Available",1 vCPU,30 GB,1.5 GB,2500GB,1Gbps,19.0,Annually,https://my.racknerd.com/aff.php?aff=12682&pid=797,2024-11-06 10:29:34,2024-11-18 14:39:52
Black Friday 2023,798,"2 GB Ryzen 7950X VPS (Black Friday 2023)

                                            0 Available",2 vCPU,40 GB,2 GB,4000GB,1Gbps,29.0,Annually,https://my.racknerd.com/aff.php?aff=12682&pid=798,2024-11-06 10:29:34,2024-11-18 14:39:52
Black Friday 2023,799,"3 GB Ryzen 7950X VPS (Black Friday 2023)

                                            0 Available",2 vCPU,55 GB,3 GB,6000GB,1Gbps,45.0,Annually,https://my.racknerd.com/aff.php?aff=12682&pid=799,2024-11-06 10:29:34,2024-11-18 14:39:52
Black Friday 2023,800,SHARED - 40 GB (Available in Multiple Locations),,40 GB,,,,12.39,Annually,https://my.racknerd.com/aff.php?aff=12682&pid=800,2024-11-06 10:29:34,2024-11-18 14:39:52
Black Friday 2023,801,SHARED - 80 GB (Available in Multiple Locations),,80 GB,,,,21.49,Annually,https://my.racknerd.com/aff.php?aff=12682&pid=801,2024-11-06 10:29:34,2024-11-18 14:39:52
Black Friday 2023,802,SHARED - 140 GB (Available in Multiple Locations),,140 GB,,20 TB,,49.95,Annually,https://my.racknerd.com/aff.php?aff=12682&pid=802,2024-11-06 10:29:34,2024-11-18 14:39:52
Black Friday 2023,803,RESELLER - 80 GB (Available in Multiple Locations),,80 GB,,,,29.88,Annually,https://my.racknerd.com/aff.php?aff=12682&pid=803,2024-11-06 10:29:34,2024-11-18 14:39:52
Black Friday 2023,804,RESELLER - 120 GB (Available in Multiple Locations),,120 GB,,,,55.0,Annually,https://my.racknerd.com/aff.php?aff=12682&pid=804,2024-11-06 10:29:34,2024-11-18 14:39:52
Black Friday 2023,805,RESELLER - 200 GB (Available in Multiple Locations),,200 GB,,10 TB,,79.99,Annually,https://my.racknerd.com/aff.php?aff=12682&pid=805,2024-11-06 10:29:34,2024-11-18 14:39:52
Black Friday 2023,806,DEDICATED - Intel Xeon E3-1240 V2,,,32 GB,,1Gbps,59.0,Monthly,https://my.racknerd.com/aff.php?aff=12682&pid=806,2024-11-06 10:29:34,2024-11-18 14:39:52
Black Friday 2023,807,DEDICATED - Dual Intel Xeon E5-2690 V4,,2 TB,64 GB,,1Gbps,149.0,Monthly,https://my.racknerd.com/aff.php?aff=12682&pid=807,2024-11-06 10:29:34,2024-11-18 14:39:52
Black Friday 2023,809,DEDICATED - SEO Server Special,,16 GB,16 GB,,1Gbps,140.0,Monthly,https://my.racknerd.com/aff.php?aff=12682&pid=809,2024-11-06 10:29:34,2024-11-18 14:39:52
New Year 2024,826,1 GB KVM VPS (New Year 2024),1 vCPU Core,21 GB,1 GB,1500GB,1Gbps,11.49,Annually,https://my.racknerd.com/aff.php?aff=12682&pid=826,2024-11-06 10:29:34,2024-11-18 14:39:52
New Year 2024,827,2 GB KVM VPS (New Year 2024),1 vCPU Core,35 GB,2 GB,2500GB,1Gbps,17.38,Annually,https://my.racknerd.com/aff.php?aff=12682&pid=827,2024-11-06 10:29:34,2024-11-18 14:39:52
New Year 2024,828,3 GB KVM VPS (New Year 2024),2 vCPU Cores,45 GB,3 GB,5000GB,1Gbps,27.98,Annually,https://my.racknerd.com/aff.php?aff=12682&pid=828,2024-11-06 10:29:34,2024-11-18 14:39:52
New Year 2024,829,4 GB KVM VPS (New Year 2024),2 vCPU Cores,60 GB,4 GB,8000GB,1Gbps,37.38,Annually,https://my.racknerd.com/aff.php?aff=12682&pid=829,2024-11-06 10:29:34,2024-11-18 14:39:52
New Year 2024,830,"1.2 GB Ryzen 7950X VPS (New Year 2024)

                                            0 Available",1 vCPU,25 GB,1.2 GB,2500GB,1Gbps,18.88,Annually,https://my.racknerd.com/aff.php?aff=12682&pid=830,2024-11-06 10:29:34,2024-11-18 14:39:52
New Year 2024,831,"2.5 GB Ryzen 7950X VPS (New Year 2024)

                                            0 Available",2 vCPU,38 GB,2.5 GB,4000GB,1Gbps,32.98,Annually,https://my.racknerd.com/aff.php?aff=12682&pid=831,2024-11-06 10:29:34,2024-11-18 14:39:52
New Year 2024,832,"4 GB Ryzen 7950X VPS (New Year 2024)

                                            0 Available",2 vCPU,65 GB,4 GB,6000GB,1Gbps,55.88,Annually,https://my.racknerd.com/aff.php?aff=12682&pid=832,2024-11-06 10:29:34,2024-11-18 14:39:52
New Year 2024,833,"DEDICATED - Dual Intel Xeon E5-2620 V2

                                            0 Available",,64 GB,64 GB,,1Gbps,115.0,Monthly,https://my.racknerd.com/aff.php?aff=12682&pid=833,2024-11-06 10:29:34,2024-11-18 14:39:52
New Year 2024,834,"DEDICATED - Dual Intel Xeon E5-2660 V2

                                            0 Available",,128 GB,128 GB,,1Gbps,179.0,Monthly,https://my.racknerd.com/aff.php?aff=12682&pid=834,2024-11-06 10:29:34,2024-11-18 14:39:52
New Year 2024,835,DEDICATED - Dual Intel Xeon E5-2690 V4,,128 GB,128 GB,,1Gbps,199.0,Monthly,https://my.racknerd.com/aff.php?aff=12682&pid=835,2024-11-06 10:29:34,2024-11-18 14:39:52
KVM VPS,570,KVM 512MB,1x vCPU Core,15 GB,512MB,500GB,1Gbps,22.99,Annually,https://my.racknerd.com/aff.php?aff=12682&pid=570,2024-11-06 10:29:34,2024-12-05 21:33:37
Shared Hosting,81,RackNerd Shared Hosting - 30GB,,30 GB,,,,5.59,Monthly,https://my.racknerd.com/aff.php?aff=12682&pid=81,2024-11-06 10:29:34,2025-05-18 14:36:14
Shared Hosting,82,RackNerd Shared Hosting - 100GB,,100 GB,,,,9.59,Monthly,https://my.racknerd.com/aff.php?aff=12682&pid=82,2024-11-06 10:29:34,2025-05-18 14:36:14
Shared Hosting,83,RackNerd Shared Hosting - 200GB,,200 GB,,,,15.59,Monthly,https://my.racknerd.com/aff.php?aff=12682&pid=83,2024-11-06 10:29:34,2025-05-18 14:36:14
Reseller Hosting,659,cPanel Reseller Hosting - 40GB,,40 GB,,,,14.59,Monthly,https://my.racknerd.com/aff.php?aff=12682&pid=659,2024-11-06 10:29:34,2025-05-18 14:36:14
Reseller Hosting,660,cPanel Reseller Hosting - 100GB,,100 GB,,,,22.59,Monthly,https://my.racknerd.com/aff.php?aff=12682&pid=660,2024-11-06 10:29:34,2025-05-18 14:36:14
Reseller Hosting,661,cPanel Reseller Hosting - 200GB,,200 GB,,,,36.59,Monthly,https://my.racknerd.com/aff.php?aff=12682&pid=661,2024-11-06 10:29:34,2025-05-18 14:36:14
KVM VPS,1,KVM-512MB,1x vCPU Core,30 GB,512MB,500GB,1Gbps,22.99,Annually,https://my.racknerd.com/aff.php?aff=12682&pid=1,2024-12-06 02:12:27,2025-05-18 14:36:14
KVM VPS,20,KVM-1GB,2x vCPU Core,50 GB,1024MB,1000GB,1Gbps,17.99,Monthly,https://my.racknerd.com/aff.php?aff=12682&pid=20,2024-11-06 10:29:34,2025-05-18 14:36:14
KVM VPS,21,KVM-2GB,3x vCPU Core,75 GB,2048MB,2000GB,1Gbps,20.59,Monthly,https://my.racknerd.com/aff.php?aff=12682&pid=21,2024-11-06 10:29:34,2025-05-18 14:36:14
KVM VPS,22,KVM-4GB,4x vCPU Core,130 GB,4096MB,3000GB,1Gbps,24.59,Monthly,https://my.racknerd.com/aff.php?aff=12682&pid=22,2024-11-06 10:29:34,2025-05-18 14:36:14
KVM VPS,23,KVM-6GB,5x vCPU Core,170 GB,6144MB,4000GB,1Gbps,27.59,Monthly,https://my.racknerd.com/aff.php?aff=12682&pid=23,2024-11-06 10:29:34,2025-05-18 14:36:14
KVM VPS,25,KVM-12GB,7x vCPU Core,300 GB,12288MB,6000GB,1Gbps,55.99,Monthly,https://my.racknerd.com/aff.php?aff=12682&pid=25,2024-11-06 10:29:34,2025-05-18 14:36:14
KVM VPS,24,KVM-8GB,6x vCPU Core,220 GB,8192MB,5000GB,1Gbps,36.59,Monthly,https://my.racknerd.com/aff.php?aff=12682&pid=24,2024-11-06 10:29:34,2025-05-18 14:36:14
Hybrid Dedicated Servers,4,Dual E5-2690 | 4 GB RAM,,,4 GB,,1Gbps,39.00,Monthly,https://my.racknerd.com/aff.php?aff=12682&pid=4,2024-11-06 10:29:34,2025-05-18 14:36:14
Hybrid Dedicated Servers,5,Dual E5-2690 | 8 GB RAM,,,8 GB,,1Gbps,59.00,Monthly,https://my.racknerd.com/aff.php?aff=12682&pid=5,2024-11-06 10:29:34,2025-05-18 14:36:14
Hybrid Dedicated Servers,6,Dual E5-2690 | 16 GB RAM,,,16 GB,10TB,1Gbps,79.00,Monthly,https://my.racknerd.com/aff.php?aff=12682&pid=6,2024-11-06 10:29:34,2025-05-18 14:36:14
Hybrid Dedicated Servers,7,Dual E5-2690 | 32 GB RAM,,,32 GB,10TB,1Gbps,99.00,Monthly,https://my.racknerd.com/aff.php?aff=12682&pid=7,2024-11-06 10:29:34,2025-05-18 14:36:14
Colocation,8,Single Server Colocation,,,,10TB,1Gbps,179.00,Monthly,https://my.racknerd.com/aff.php?aff=12682&pid=8,2024-11-06 10:29:34,2025-05-18 14:36:14
Colocation,9,Quarter Rack Colocation,,,,30TB,1Gbps,599.00,Monthly,https://my.racknerd.com/aff.php?aff=12682&pid=9,2024-11-06 10:29:34,2025-05-18 14:36:14
Colocation,10,Half Rack Colocation,,,,100TB,1Gbps,999.00,Monthly,https://my.racknerd.com/aff.php?aff=12682&pid=10,2024-11-06 10:29:34,2025-05-18 14:36:14
Dedicated Servers,12,Intel Xeon E3-1230 v2 | 16GB RAM | 480 GB SSD,,16 GB,16 GB,35 TB,1Gbps,139.00,Monthly,https://my.racknerd.com/aff.php?aff=12682&pid=12,2024-11-06 10:29:34,2025-05-18 14:36:14
Dedicated Servers,869,Intel Xeon E3-1270 v3 | 32GB RAM | 2x 1TB SSD,,32 GB,32 GB,35 TB,1Gbps,169.00,Monthly,https://my.racknerd.com/aff.php?aff=12682&pid=869,2024-11-06 10:29:34,2025-05-18 14:36:14
Dedicated Servers,867,Dual Intel Xeon E5-2650 v2 | 64GB RAM | 1TB SSD,,64 GB,64 GB,100 TB,1Gbps,199.00,Monthly,https://my.racknerd.com/aff.php?aff=12682&pid=867,2024-11-06 10:29:34,2025-05-18 14:36:14
Dedicated Servers,871,Dual Intel Xeon E5-2650 v2 | 128GB RAM | 1TB SSD + 3TB HDD,,128 GB,128 GB,50 TB,1Gbps,245.00,Monthly,https://my.racknerd.com/aff.php?aff=12682&pid=871,2024-11-06 10:29:34,2025-05-18 14:36:14
Dedicated Servers,868,Dual Intel Xeon E5-2650 v2 | 256GB RAM | 4x 2TB SSD,,256 GB,256 GB,100 TB,1Gbps,349.00,Monthly,https://my.racknerd.com/aff.php?aff=12682&pid=868,2024-11-06 10:29:34,2025-05-18 14:36:14
Dedicated Servers,870,Dual Intel Xeon E5-2680 v4 | 256GB RAM | 4x 2TB SSD,,256 GB,256 GB,100 TB,1Gbps,399.00,Monthly,https://my.racknerd.com/aff.php?aff=12682&pid=870,2024-11-06 10:29:34,2025-05-18 14:36:14
Dedicated Servers,526,[STORAGE SERVER SPECIAL] Dual Xeon E5-2640 V2 | 64 GB RAM | 10x 16 TB SAS + 256 GB SSD | RAID + BBU,,64 GB,64 GB,200 TB,1Gbps,479.00,Monthly,https://my.racknerd.com/aff.php?aff=12682&pid=526,2024-11-06 10:29:34,2025-05-18 14:36:14
High Bandwidth Unmetered Dedicated Servers,746,Intel Xeon E3-1230 V3 (10Gbps Unmetered),,32 GB,32 GB,,,599.00,Monthly,https://my.racknerd.com/aff.php?aff=12682&pid=746,2024-11-06 10:29:34,2025-05-18 14:36:14
High Bandwidth Unmetered Dedicated Servers,747,Intel Xeon E-2136 (10Gbps Unmetered),,32 GB,32 GB,,,799.00,Monthly,https://my.racknerd.com/aff.php?aff=12682&pid=747,2024-11-06 10:29:34,2025-05-18 14:36:14
High Bandwidth Unmetered Dedicated Servers,748,Dual Intel Xeon E5-2630 V4 (10Gbps Unmetered),,64 GB,64 GB,,,950.00,Monthly,https://my.racknerd.com/aff.php?aff=12682&pid=748,2024-11-06 10:29:34,2025-05-18 14:36:14
High Bandwidth Unmetered Dedicated Servers,749,Dual Intel Xeon E5-2695 V4 (10Gbps Unmetered),,128 GB,128 GB,,,1399.00,Monthly,https://my.racknerd.com/aff.php?aff=12682&pid=749,2024-11-06 10:29:34,2025-05-18 14:36:14
High Bandwidth Unmetered Dedicated Servers,750,AMD EPYC 7642 (10Gbps Unmetered),,128 GB,128 GB,,,1699.00,Monthly,https://my.racknerd.com/aff.php?aff=12682&pid=750,2024-11-06 10:29:34,2025-05-18 14:36:14
High Bandwidth Unmetered Dedicated Servers,751,AMD EPYC 7702P (10Gbps Unmetered),,128 GB,128 GB,,,1999.00,Monthly,https://my.racknerd.com/aff.php?aff=12682&pid=751,2024-11-06 10:29:34,2025-05-18 14:36:14
High Bandwidth Unmetered Dedicated Servers,752,Intel Xeon E3-1230 V3 (20Gbps Unmetered),,32 GB,32 GB,,,1499.00,Monthly,https://my.racknerd.com/aff.php?aff=12682&pid=752,2024-11-06 10:29:34,2025-05-18 14:36:14
High Bandwidth Unmetered Dedicated Servers,753,Intel Xeon E-2136 (20Gbps Unmetered),,32 GB,32 GB,,,1699.00,Monthly,https://my.racknerd.com/aff.php?aff=12682&pid=753,2024-11-06 10:29:34,2025-05-18 14:36:14
High Bandwidth Unmetered Dedicated Servers,754,Dual Intel Xeon E5-2630 V4 (20Gbps Unmetered),,64 GB,64 GB,,,1850.00,Monthly,https://my.racknerd.com/aff.php?aff=12682&pid=754,2024-11-06 10:29:34,2025-05-18 14:36:14
High Bandwidth Unmetered Dedicated Servers,755,Dual Intel Xeon E5-2695 V4 (20Gbps Unmetered),,128 GB,128 GB,,,2299.00,Monthly,https://my.racknerd.com/aff.php?aff=12682&pid=755,2024-11-06 10:29:34,2025-05-18 14:36:14
High Bandwidth Unmetered Dedicated Servers,756,AMD EPYC 7642 (20Gbps Unmetered),,128 GB,128 GB,,,2599.00,Monthly,https://my.racknerd.com/aff.php?aff=12682&pid=756,2024-11-06 10:29:34,2025-05-18 14:36:14
High Bandwidth Unmetered Dedicated Servers,757,AMD EPYC 7702P (20Gbps Unmetered),,128 GB,128 GB,,,2899.00,Monthly,https://my.racknerd.com/aff.php?aff=12682&pid=757,2024-11-06 10:29:34,2025-05-18 14:36:14
High Bandwidth Unmetered Dedicated Servers,758,Intel Xeon E3-1230 V3 (40Gbps Unmetered),,32 GB,32 GB,,,2799.00,Monthly,https://my.racknerd.com/aff.php?aff=12682&pid=758,2024-11-06 10:29:34,2025-05-18 14:36:14
High Bandwidth Unmetered Dedicated Servers,759,Intel Xeon E-2136 (40Gbps Unmetered),,32 GB,32 GB,,,2999.00,Monthly,https://my.racknerd.com/aff.php?aff=12682&pid=759,2024-11-06 10:29:34,2025-05-18 14:36:14
High Bandwidth Unmetered Dedicated Servers,760,Dual Intel Xeon E5-2630 V4 (40Gbps Unmetered),,64 GB,64 GB,,,3150.00,Monthly,https://my.racknerd.com/aff.php?aff=12682&pid=760,2024-11-06 10:29:34,2025-05-18 14:36:14
High Bandwidth Unmetered Dedicated Servers,761,Dual Intel Xeon E5-2695 V4 (40Gbps Unmetered),,128 GB,128 GB,,,4499.00,Monthly,https://my.racknerd.com/aff.php?aff=12682&pid=761,2024-11-06 10:29:34,2025-05-18 14:36:14
High Bandwidth Unmetered Dedicated Servers,762,AMD EPYC 7642 (40Gbps Unmetered),,128 GB,128 GB,,,4799.00,Monthly,https://my.racknerd.com/aff.php?aff=12682&pid=762,2024-11-06 10:29:34,2025-05-18 14:36:14
High Bandwidth Unmetered Dedicated Servers,763,AMD EPYC 7702P (40Gbps Unmetered),,128 GB,128 GB,,,5099.00,Monthly,https://my.racknerd.com/aff.php?aff=12682&pid=763,2024-11-06 10:29:34,2025-05-18 14:36:14
AMD Ryzen/EPYC Dedicated Servers,863,AMD Ryzen 5950X | 128GB RAM | 2TB NVMe,,128 GB,128 GB,40 TB,1Gbps,309.00,Monthly,https://my.racknerd.com/aff.php?aff=12682&pid=863,2024-11-06 10:29:34,2025-05-18 14:36:14
AMD Ryzen/EPYC Dedicated Servers,861,AMD Ryzen 7600 | 64GB RAM | 1TB NVMe,,64 GB,64 GB,40 TB,1Gbps,219.00,Monthly,https://my.racknerd.com/aff.php?aff=12682&pid=861,2024-11-06 10:29:34,2025-05-18 14:36:14
AMD Ryzen/EPYC Dedicated Servers,862,AMD Ryzen 7700 | 64GB RAM | 1TB NVMe,,64 GB,64 GB,40 TB,1Gbps,249.00,Monthly,https://my.racknerd.com/aff.php?aff=12682&pid=862,2024-11-06 10:29:34,2025-05-18 14:36:14
AMD Ryzen/EPYC Dedicated Servers,864,AMD Ryzen 7900 | 64GB RAM | 1TB NVMe,,64 GB,64 GB,40 TB,1Gbps,269.00,Monthly,https://my.racknerd.com/aff.php?aff=12682&pid=864,2024-11-06 10:29:34,2025-05-18 14:36:14
AMD Ryzen/EPYC Dedicated Servers,865,AMD Ryzen 7950X3D | 128GB RAM | 1TB NVMe,,128 GB,128 GB,40 TB,1Gbps,379.00,Monthly,https://my.racknerd.com/aff.php?aff=12682&pid=865,2024-11-06 10:29:34,2025-05-18 14:36:14
AMD Ryzen/EPYC Dedicated Servers,866,AMD Ryzen 7950X3D | 192GB RAM | 2x 3.84TB NVMe,,84 TB,192 GB,40 TB,1Gbps,499.00,Monthly,https://my.racknerd.com/aff.php?aff=12682&pid=866,2024-11-06 10:29:34,2025-05-18 14:36:14
SEO Dedicated Servers,275,Intel Xeon E3-1240 v3 - LA / DAL / CHI / NY,,16 GB,16 GB,30 TB,1Gbps,229.00,Monthly,https://my.racknerd.com/aff.php?aff=12682&pid=275,2024-11-06 10:29:34,2025-05-18 14:36:14
SEO Dedicated Servers,854,Dual Intel Xeon E5-2620 v2 - LA / DAL / CHI / NY,,64 GB,64 GB,30 TB,1Gbps,299.00,Monthly,https://my.racknerd.com/aff.php?aff=12682&pid=854,2024-11-06 10:29:34,2025-05-18 14:36:14
SEO Dedicated Servers,276,Intel Xeon E3-1240 v3 - 32x /29's - NY,,16 GB,16 GB,30 TB,1Gbps,269.00,Monthly,https://my.racknerd.com/aff.php?aff=12682&pid=276,2024-11-06 10:29:34,2025-05-18 14:36:14
SEO Dedicated Servers,277,"Intel Xeon E3-1230 v2 - Los Angeles DC-01

                                            0 Available",,,16 GB,,,235.00,Monthly,https://my.racknerd.com/aff.php?aff=12682&pid=277,2024-11-06 10:29:34,2025-05-18 14:36:14
SEO Dedicated Servers,278,"Dual Xeon L5520 - Los Angeles DC-01

                                            0 Available",,24 GB,24 GB,,,245.00,Monthly,https://my.racknerd.com/aff.php?aff=12682&pid=278,2024-11-06 10:29:34,2025-05-18 14:36:14
Windows VPS with NVMe SSD,293,Windows VPS 2GB,1x AMD Ryzen CPU Core,35 GB,2 GB,2000GB,1Gbps,27.59,Monthly,https://my.racknerd.com/aff.php?aff=12682&pid=293,2024-11-06 10:29:34,2025-05-18 14:36:14
Windows VPS with NVMe SSD,294,Windows VPS 4GB,2x AMD Ryzen CPU Cores,60 GB,4 GB,2000GB,1Gbps,30.59,Monthly,https://my.racknerd.com/aff.php?aff=12682&pid=294,2024-11-06 10:29:34,2025-05-18 14:36:14
Windows VPS with NVMe SSD,295,Windows VPS 6GB,2x AMD Ryzen CPU Cores,85 GB,6 GB,3000GB,1Gbps,35.59,Monthly,https://my.racknerd.com/aff.php?aff=12682&pid=295,2024-11-06 10:29:34,2025-05-18 14:36:14
Windows VPS with NVMe SSD,296,Windows VPS 8GB,3x AMD Ryzen CPU Cores,110 GB,8 GB,5000GB,1Gbps,44.59,Monthly,https://my.racknerd.com/aff.php?aff=12682&pid=296,2024-11-06 10:29:34,2025-05-18 14:36:14
Windows VPS with NVMe SSD,297,Windows VPS 12GB,4x AMD Ryzen CPU Cores,160 GB,12 GB,6000GB,1Gbps,64.59,Monthly,https://my.racknerd.com/aff.php?aff=12682&pid=297,2024-11-06 10:29:34,2025-05-18 14:36:14
Windows VPS with NVMe SSD,298,Windows VPS 16GB,6x AMD Ryzen CPU Cores,200 GB,16 GB,"10,000GB",1Gbps,89.59,Monthly,https://my.racknerd.com/aff.php?aff=12682&pid=298,2024-11-06 10:29:34,2025-05-18 14:36:14
AMD Ryzen Linux KVM VPS,303,1GB Ryzen VPS,1x AMD Ryzen CPU Core,20 GB,1 GB,2000GB,1Gbps,8.59,Monthly,https://my.racknerd.com/aff.php?aff=12682&pid=303,2024-11-06 10:29:34,2025-05-18 14:36:14
AMD Ryzen Linux KVM VPS,308,1.5 GB Ryzen VPS,1x AMD Ryzen CPU Core,22 GB,1.5 GB,3000GB,1Gbps,35.59,Annually,https://my.racknerd.com/aff.php?aff=12682&pid=308,2024-11-06 10:29:34,2025-05-18 14:36:14
AMD Ryzen Linux KVM VPS,309,2.5 GB Ryzen VPS,2x AMD Ryzen CPU Cores,40 GB,2.5 GB,6000GB,1Gbps,69.59,Annually,https://my.racknerd.com/aff.php?aff=12682&pid=309,2024-11-06 10:29:34,2025-05-18 14:36:14
RackNerd Merchandise,728,Gaming Mousepad,,,,,,,,https://my.racknerd.com/aff.php?aff=12682&pid=728,2024-11-06 10:29:34,2025-05-18 14:36:14
RackNerd Merchandise,733,RackNerd FlexFit Hat,,,,,,,,https://my.racknerd.com/aff.php?aff=12682&pid=733,2024-11-06 10:29:34,2025-05-18 14:36:14
RackNerd Merchandise,729,RackNerd Branded SwissGear Backpack,,,,,,,,https://my.racknerd.com/aff.php?aff=12682&pid=729,2024-11-06 10:29:34,2025-05-18 14:36:14
RackNerd Merchandise,730,RackNerd Coffee Mug,,,,,,,,https://my.racknerd.com/aff.php?aff=12682&pid=730,2024-11-06 10:29:34,2025-05-18 14:36:14
RackNerd Merchandise,731,RackNerd Travel Mug,,,,,,,,https://my.racknerd.com/aff.php?aff=12682&pid=731,2024-11-06 10:29:34,2025-05-18 14:36:14
RackNerd Merchandise,732,RackNerd T-Shirt,,,,,,,,https://my.racknerd.com/aff.php?aff=12682&pid=732,2024-11-06 10:29:34,2025-05-18 14:36:14
Black Friday 2024,879,1 GB KVM VPS (Black Friday 2024),1 vCPU Core,20 GB,1 GB,1500GB,1Gbps,10.99,Annually,https://my.racknerd.com/aff.php?aff=12682&pid=879,2024-11-18 21:32:59,2025-05-18 14:36:14
Black Friday 2024,880,2.5 GB KVM VPS (Black Friday 2024),2 vCPU Cores,40 GB,2.5 GB,3000GB,1Gbps,18.93,Annually,https://my.racknerd.com/aff.php?aff=12682&pid=880,2024-11-18 21:32:59,2025-05-18 14:36:14
Black Friday 2024,881,3 GB KVM VPS (Black Friday 2024),2 vCPU Cores,60 GB,3 GB,5500GB,1Gbps,27.89,Annually,https://my.racknerd.com/aff.php?aff=12682&pid=881,2024-11-18 21:32:59,2025-05-18 14:36:14
Black Friday 2024,882,4.5 GB KVM VPS (Black Friday 2024),3 vCPU Cores,100 GB,4.5 GB,8500GB,1Gbps,39.88,Annually,https://my.racknerd.com/aff.php?aff=12682&pid=882,2024-11-18 21:32:59,2025-05-18 14:36:14
Black Friday 2024,883,5 GB KVM VPS (Black Friday 2024),4 vCPU Cores,130 GB,5 GB,"12,000GB",1Gbps,55.93,Annually,https://my.racknerd.com/aff.php?aff=12682&pid=883,2024-11-18 21:32:59,2025-05-18 14:36:14
Black Friday 2024,884,SHARED - 35 GB (Available in Multiple Locations),,35 GB,,,,13.77,Annually,https://my.racknerd.com/aff.php?aff=12682&pid=884,2024-11-18 21:32:59,2025-05-18 14:36:14
Black Friday 2024,885,SHARED - 75 GB (Available in Multiple Locations),,75 GB,,,,22.93,Annually,https://my.racknerd.com/aff.php?aff=12682&pid=885,2024-11-18 21:32:59,2025-05-18 14:36:14
Black Friday 2024,886,SHARED - 130 GB (Available in Multiple Locations),,130 GB,,25 TB,,51.89,Annually,https://my.racknerd.com/aff.php?aff=12682&pid=886,2024-11-18 21:32:59,2025-05-18 14:36:14
Black Friday 2024,887,RESELLER - 60 GB (Available in Multiple Locations),,60 GB,,,,31.88,Annually,https://my.racknerd.com/aff.php?aff=12682&pid=887,2024-11-18 21:32:59,2025-05-18 14:36:14
Black Friday 2024,888,RESELLER - 100 GB (Available in Multiple Locations),,100 GB,,,,57.99,Annually,https://my.racknerd.com/aff.php?aff=12682&pid=888,2024-11-18 21:32:59,2025-05-18 14:36:14
Black Friday 2024,889,RESELLER - 160 GB (Available in Multiple Locations),,160 GB,,,,86.88,Annually,https://my.racknerd.com/aff.php?aff=12682&pid=889,2024-11-18 21:32:59,2025-05-18 14:36:14
Black Friday 2024,890,DEDICATED - Intel Xeon E3-1240 V3 SSD,,32 GB,32 GB,,1Gbps,59.00,Monthly,https://my.racknerd.com/aff.php?aff=12682&pid=890,2024-11-18 21:32:59,2025-05-18 14:36:14
Black Friday 2024,891,DEDICATED - Dual Intel Xeon E5-2620 V2,,64 GB,64 GB,,,99.00,Monthly,https://my.racknerd.com/aff.php?aff=12682&pid=891,2024-11-18 21:32:59,2025-05-18 14:36:14
Black Friday 2024,892,"DEDICATED - Dual Intel Xeon E5-2690 V4 NVMe

                                            0 Available",,2 TB,128 GB,,,155.00,Monthly,https://my.racknerd.com/aff.php?aff=12682&pid=892,2024-11-18 21:32:59,2025-05-18 14:36:14
Black Friday 2024,893,DEDICATED - Dual Intel Xeon E5-2630 V3 Storage,,,128 GB,,,199.00,Monthly,https://my.racknerd.com/aff.php?aff=12682&pid=893,2024-11-18 21:32:59,2025-05-18 14:36:14
Black Friday 2024,894,DEDICATED - SEO Server Special 249 IPs,,16 GB,16 GB,,1Gbps,139.00,Monthly,https://my.racknerd.com/aff.php?aff=12682&pid=894,2024-11-18 21:32:59,2025-05-18 14:36:14
New Year 2025,903,1 GB KVM VPS (New Year 2025),1 vCPU Core,24 GB,1 GB,2000GB,1Gbps,11.29,Annually,https://my.racknerd.com/aff.php?aff=12682&pid=903,2024-12-23 21:30:41,2025-05-18 14:36:14
New Year 2025,904,2 GB KVM VPS (New Year 2025),1 vCPU Core,40 GB,2 GB,3500GB,1Gbps,18.29,Annually,https://my.racknerd.com/aff.php?aff=12682&pid=904,2024-12-23 21:30:41,2025-05-18 14:36:14
New Year 2025,905,3.5 GB KVM VPS (New Year 2025),2 vCPU Cores,65 GB,3.5 GB,7000GB,1Gbps,32.49,Annually,https://my.racknerd.com/aff.php?aff=12682&pid=905,2024-12-23 21:30:41,2025-05-18 14:36:14
New Year 2025,906,4 GB KVM VPS (New Year 2025),3 vCPU Cores,105 GB,4 GB,9000GB,1Gbps,43.88,Annually,https://my.racknerd.com/aff.php?aff=12682&pid=906,2024-12-23 21:30:41,2025-05-18 14:36:14
New Year 2025,907,6 GB KVM VPS (New Year 2025),4 vCPU Cores,140 GB,6 GB,"12,000GB",1Gbps,59.99,Annually,https://my.racknerd.com/aff.php?aff=12682&pid=907,2024-12-23 21:30:41,2025-05-18 14:36:14
New Year 2025,908,DEDICATED - Intel Xeon E3-1240 V3 (1 TB SSD + 3 TB HDD),,32 GB,32 GB,,1Gbps,64.95,Monthly,https://my.racknerd.com/aff.php?aff=12682&pid=908,2024-12-23 21:30:41,2025-05-18 14:36:14
New Year 2025,909,DEDICATED - AMD Ryzen 7600 (1TB NVMe),,64 GB,64 GB,,1Gbps,109.95,Monthly,https://my.racknerd.com/aff.php?aff=12682&pid=909,2024-12-23 21:30:41,2025-05-18 14:36:14
New Year 2025,910,DEDICATED - Dual Intel Xeon E5-2683 v4 (2x 2 TB SSD),,256 GB,256 GB,,1Gbps,209.00,Monthly,https://my.racknerd.com/aff.php?aff=12682&pid=910,2024-12-23 21:30:41,2025-05-18 14:36:14
KVM VPS - Latest Special Promos!,912,1 GB KVM VPS Special Deal,1 vCPU Core,20 GB,1 GB,2000GB,1Gbps,10.96,Annually,https://my.racknerd.com/aff.php?aff=12682&pid=912,2025-05-14 21:29:49,2025-05-18 14:36:14
KVM VPS - Latest Special Promos!,913,2 GB KVM VPS Special Deal,2 vCPU Cores,30 GB,2 GB,4000GB,1Gbps,17.66,Annually,https://my.racknerd.com/aff.php?aff=12682&pid=913,2025-05-14 21:29:49,2025-05-18 14:36:14
KVM VPS - Latest Special Promos!,914,3.5 GB KVM VPS Special Deal,3 vCPU Cores,60 GB,3.5 GB,5000GB,1Gbps,29.89,Annually,https://my.racknerd.com/aff.php?aff=12682&pid=914,2025-05-14 21:29:49,2025-05-18 14:36:14
KVM VPS - Latest Special Promos!,915,5 GB KVM VPS Special Deal,4 vCPU Cores,100 GB,5 GB,"10,000GB",1Gbps,54.99,Annually,https://my.racknerd.com/aff.php?aff=12682&pid=915,2025-05-14 21:29:49,2025-05-18 14:36:14
